{"scheme":
	[
		{
			"surf_n":    0,
			"tilt":      {"x":0,"y":0},
			"decenter":  {"x":0,"y":0},
			"aperture": 180,
			"curvature":-6.59404411573639E-10,
			"poly":      [0.148713183339862,0.0061865274194796,0.0124947662894313,-4.97791642373663E-5,1.18437762970274E-6,
						1.72803187914399E-6,-5.40136893185405E-7,-1.19876901769307E-6,2.7421335119031E-5,9.62052023967287E-8,
						3.67025860262495E-5,-2.10528230304493E-7,2.38223901963439E-7,8.71084660669276E-7,1.7093891389553E-6,
						-2.23168000368457E-5,7.3434336703282E-7,-1.66210728384959E-7,-1.48877678853041E-8,6.49717880890913E-6,
						-1.05450214586323E-6,1.11579841638212E-8,-1.56282784575683E-6,-4.69889779755428E-8,1.60529170161712E-5,
						4.39155150216056E-7,5.69571223982817E-7,1.2283997712847E-6,-2.18773565361476E-7,1.19704213222878E-7,
						-1.87183859704422E-6,-8.25058753685399E-7,-9.08922165822358E-8,1.02802438929891E-6,7.6249908941681E-7,
						-9.62830664003489E-6,3.72020960452991E-6]
		},
		{
			"surf_n":    1,
			"tilt":      {"x":0,"y":0},
			"decenter":  {"x":0,"y":0},
			"aperture": 72.5,
			"curvature": 0.000968414239888371,
			"poly":      [0.205532419949667,-0.00155105368640651,0.0122148934359196,-0.0161110018917342,-8.6700832937208E-6,
						-7.22848350756805E-5,0.000246818221040255,-0.000679901924587507,-0.000245695473102117,-0.000511626864854912,
						-4.11268777928155E-7,7.6244124057533E-6,-1.34720511221052E-5,-3.70154636115936E-5,6.89679904470057E-5,
						-0.000147187751618077,-3.59783210989458E-6,-2.51707754049853E-5,3.02535829955607E-5,-3.28250322320293E-7,
						3.34389396720401E-6,-4.24187419887926E-6,1.17048736982642E-7,-2.8813035815504E-5,-0.000125153311681242,
						-2.37627199053918E-6,1.7305690814406E-5,7.82889277407595E-7,1.83496069408461E-6,-8.76918073672172E-6,
						-4.87697985019772E-7,1.83246484013546E-6,-4.75886540762897E-6,-4.47549517479008E-6,-9.0330929815319E-6,
						-7.50448682181228E-5,-2.83101281380152E-5]
		},
		{
			"surf_n":    2,
			"tilt":      {"x":0,"y":0},
			"decenter":  {"x":0,"y":0},
			"aperture": 75,
			"curvature": 0.000802086708781566,
			"poly":      [0.156995997241207,-0.0120746051752851,0.0041993751854287,0.00244434428060764,-2.87029647202311E-5,
						-4.70151828522903E-5,-5.00173602460181E-6,9.55319685679E-6,6.80084201935523E-5,5.13776552268578E-7,
						-2.33742214494048E-5,-1.94050995492992E-7,2.54277476631728E-7,2.76263508151354E-6,1.09510706588571E-5,
						0.000222053593188293,5.88211857481524E-5,9.24392936524504E-5,-2.90016240140728E-7,-1.09640884289944E-6,
						-2.48482293666451E-7,-4.87736719957834E-7,1.5380405537102E-6,9.13147098041378E-6,0.00022565647759696,
						-5.29640838639041E-7,-3.40983695414125E-7,2.43217852023763E-5,4.08074363834047E-5,2.21275725505866E-8,
						-8.80026096068672E-7,-8.3577932504838E-8,-2.11511245611079E-7,2.34287852296005E-6,3.95744165320817E-6,
						0.000134115955960621,4.20347114021844E-5]
		},
		{
			"surf_n":    3,
			"tilt":      {"x":0,"y":0},
			"decenter":  {"x":0,"y":0},
			"aperture": 75,
			"curvature":-5.99196716881349E-5,
			"poly":      [0.154261466727369,-0.0120139747055858,-0.0058217865231323,0.0019469997453216,-6.11033130414833E-5,
						-4.86728054666194E-5,-2.60850712977908E-5,-0.000223919195459089,-0.000531455612256321,-4.4091371178764E-5,
						-7.74522787216211E-5,4.532078624466E-5,3.95544323280955E-5,-4.82854055005269E-5,-9.96493620265865E-5,
						-0.000572269188865493,-1.75144133816364E-5,-0.000133258724420349,8.81897837672409E-5,5.61528364287776E-5,
						0.000116239945633936,-1.12827749189275E-5,1.71453022649418E-5,-2.97865919226962E-5,-0.000441818587389882,
						-4.53303370931594E-5,-4.55577920272299E-5,8.51203651478627E-6,2.39809323363191E-5,1.45943285439978E-5,
						1.3278604751327E-5,7.41159621681443E-5,3.38924063138162E-5,1.48386727494578E-5,-3.7003191806184E-5,
						-0.000294476677132026,-0.000157441103803567]
		},
		{
			"surf_n":    4,
			"tilt":      {"x":0,"y":0},
			"decenter":  {"x":0,"y":0},
			"aperture": 75.9,
			"curvature": 0.004852672852207,
			"poly":      [0.134426175620178,-0.014520180861142,0.0524246094697567,0.0112724115753713,-4.22167581997536E-5,
						-6.60733002383427E-5,-0.000339134973310294,0.00130799861597557,-2.23110815460114E-6,-1.23178427140457E-6,
						-3.78469552042545E-5,2.11750666851666E-6,3.23808712835089E-6,-1.09340085442857E-5,6.49918284733303E-5,
						0.000284023901024823,9.1826938642173E-6,-7.17289198810853E-6,-4.53945094972835E-7,5.20424336565543E-7,
						-2.13383431313559E-7,1.92205549794674E-7,-1.08358084947482E-6,2.42151231141291E-5,0.000338016240962524,
						2.56844028474594E-6,-3.31139717417018E-6,-1.54219701943695E-6,-1.68120286361754E-6,-3.01990533317013E-7,
						1.02476184867123E-6,-1.29606813220321E-7,-2.38251795306787E-7,-1.46971672924318E-8,1.11934939509938E-5,
						0.000246322113910868,0.000126173945464229]
		},
		{
			"surf_n":    5,
			"tilt":      {"x":0,"y":0},
			"decenter":  {"x":0,"y":0},
			"aperture": 73,
			"curvature": 0.00498271292594759,
			"poly":      [0.132497826148287,-0.0148666201104418,0.0479102790255626,0.0114443772816178,-3.86061098951609E-5,
						-6.95990366310276E-5,-0.000194496794817243,-0.00056624126965766,-0.00088264146678786,-2.19200917437844E-6,
						-4.45460052325987E-5,1.54519118244779E-6,3.67829152995696E-6,6.89041713555426E-6,-8.49376068279844E-6,
						-0.000393182431011565,-5.42067971069064E-6,-4.02318028022871E-5,8.27370007135121E-7,-4.09934228194728E-7,
						7.22611547532093E-7,-3.79963628758959E-7,3.65643748305135E-7,-8.82505639929358E-6,-0.000200809823623139,
						3.66656889873517E-6,-3.93052667339339E-6,8.02692990137078E-7,-6.96610054448551E-7,-9.51412541784486E-7,
						-3.17448216935562E-7,-1.7169494606493E-7,-9.66619889554482E-9,1.91424161673053E-7,-3.04645405231331E-6,
						-7.24493352265881E-5,3.47491962032968E-7]
		},
		{
			"surf_n":    6,
			"tilt":      {"x":0,"y":0},
			"decenter":  {"x":0,"y":0},
			"aperture": 71.2,
			"curvature":-0.00688771644648933,
			"poly":      [0.120694858395004,-0.00419783126283636,-0.0826395456696804,-0.0126207603331572,-0.000174990586508076,
						-0.000324177444387204,-0.000101659821167233,-0.00375667303851035,0.00149125634088907,-6.57454976862957E-6,
						-0.000321587055231981,7.01390445793235E-5,0.000117738546827259,3.60202350746632E-5,-0.000194975660989218,
						0.000389562252729469,0.000122863097806224,-0.000192392146287549,1.88197043157952E-6,0.000119937483504007,
						1.07972978300758E-5,2.09880031661553E-5,-2.51865048248243E-6,-1.04450643882625E-5,0.000155067485380787,
						0.000106452635287887,-6.93057991542697E-5,-4.95038814570764E-5,7.55371343369943E-5,7.78717580316525E-7,
						1.04780082426468E-5,-3.12543039435687E-6,-2.27601311343265E-6,-3.91752338353804E-6,-3.98487774762464E-6,
						4.26421591106489E-5,-1.86829448323982E-5]
		},
		{
			"surf_n":    7,
			"tilt":      {"x":0,"y":0},
			"decenter":  {"x":0,"y":0},
			"aperture": 74.4,
			"curvature":-0.00582322134828351,
			"poly":      [0.12043837527249,-0.00517858335444501,-0.0636726891051983,-0.0106694193701056,-0.000163359281486967,
						-0.000275016730390879,-0.000461758427396781,0.00164514564933579,0.00109816027351668,-4.37072800123538E-6,
						-0.000265950332891065,4.49490439493377E-5,7.82367931542735E-5,5.916695973086E-5,-4.70399383793364E-5,
						-2.5208397825647E-5,9.32006503253794E-5,-0.000175911447123345,2.56136709145305E-7,7.13090985050091E-5,
						2.95866602657734E-6,7.10255148721237E-6,-1.90270556784917E-6,-3.57480656338294E-6,-0.000109838724968705,
						0.000100693446133868,-6.18138785929251E-5,-2.48059430793757E-5,3.70950499906306E-5,1.68315021444601E-7,
						1.0647477450259E-6,-1.28874409458456E-6,-1.28529960246054E-6,1.45770442001267E-8,-2.34278464057739E-6,
						-3.86393049212718E-5,-2.27959258309084E-6]
		},
		{
			"surf_n":    8,
			"tilt":      {"x":0,"y":0},
			"decenter":  {"x":0,"y":0},
			"aperture": 77,
			"curvature":-0.00419780035261523,